id,name_en,name_ja,vowel_score,voiced_obstruents,mora_count,total_score
1,bulbasaur,フシギダネ,0,2,5,7
2,ivysaur,フシギソウ,2,1,5,8
3,venusaur,フシギバナ,0,2,5,7
4,charmander,ヒトカゲ,0,1,4,5
5,charmeleon,リザード,0,2,4,6
6,charizard,リザードン,0,2,5,7
7,squirtle,ゼニガメ,0,2,4,6
8,wartortle,カメール,0,0,4,4
9,blastoise,カメックス,0,0,5,5
10,caterpie,キャタピー,0,0,5,5
11,metapod,トランセル,0,0,5,5
12,butterfree,バタフリー,0,1,5,6
13,weedle,ビードル,0,2,4,6
14,kakuna,コクーン,0,0,4,4
15,beedrill,スピアー,5,0,4,9
16,pidgey,ポッポ,0,0,3,3
17,pidgeotto,ピジョン,0,1,4,5
18,pidgeot,ピジョット,0,1,5,6
19,rattata,コラッタ,0,0,4,4
20,raticate,ラッタ,0,0,3,3
21,spearow,オニスズメ,4,1,5,10
22,fearow,オニドリル,4,1,5,10
23,ekans,アーボ,5,1,3,9
24,arbok,アーボック,5,1,5,11
25,pikachu,ピカチュウ,2,0,5,7
26,raichu,ライチュウ,3,0,5,8
27,sandshrew,サンド,0,1,3,4
28,sandslash,サンドパン,0,1,5,6
29,nidoran-f,ニドラン♀,0,1,5,6
30,nidorina,ニドリーナ,0,1,5,6
31,nidoqueen,ニドクイン,1,1,5,7
32,nidoran-m,ニドラン♂,0,1,5,6
33,nidorino,ニドリーノ,0,1,5,6
34,nidoking,ニドキング,0,2,5,7
35,clefairy,ピッピ,0,0,3,3
36,clefable,ピクシー,0,0,4,4
37,vulpix,ロコン,0,0,3,3
38,ninetales,キュウコン,2,0,5,7
39,jigglypuff,プリン,0,0,3,3
40,wigglytuff,プクリン,0,0,4,4
41,zubat,ズバット,0,2,4,6
42,golbat,ゴルバット,0,2,5,7
43,oddish,ナゾノクサ,0,1,5,6
44,gloom,クサイハナ,1,0,5,6
45,vileplume,ラフレシア,5,0,5,10
46,paras,パラス,0,0,3,3
47,parasect,パラセクト,0,0,5,5
48,venonat,コンパン,0,0,4,4
49,venomoth,モルフォン,4,0,5,9
50,diglett,ディグダ,1,3,4,8
51,dugtrio,ダグトリオ,4,2,5,11
52,meowth,ニャース,0,0,4,4
53,persian,ペルシアン,5,0,5,10
54,psyduck,コダック,0,1,4,5
55,golduck,ゴルダック,0,2,5,7
56,mankey,マンキー,0,0,4,4
57,primeape,オコリザル,4,1,5,10
58,growlithe,ガーディ,1,2,4,7
59,arcanine,ウインディ,4,1,5,10
60,poliwag,ニョロモ,0,0,4,4
61,poliwhirl,ニョロゾ,0,1,4,5
62,poliwrath,ニョロボン,0,1,5,6
63,abra,ケーシィ,1,0,4,5
64,kadabra,ユンゲラー,0,1,5,6
65,alakazam,フーディン,1,1,5,7
66,machop,ワンリキー,0,0,5,5
67,machoke,ゴーリキー,0,1,5,6
68,machamp,カイリキー,1,0,5,6
69,bellsprout,マダツボミ,0,2,5,7
70,weepinbell,ウツドン,2,1,4,7
71,victreebel,ウツボット,2,1,5,8
72,tentacool,メノクラゲ,0,1,5,6
73,tentacruel,ドククラゲ,0,2,5,7
74,geodude,イシツブテ,1,1,5,7
75,graveler,ゴローン,0,1,4,5
76,golem,ゴローニャ,0,1,5,6
77,ponyta,ポニータ,0,0,4,4
78,rapidash,ギャロップ,0,1,5,6
79,slowpoke,ヤドン,0,1,3,4
80,slowbro,ヤドラン,0,1,4,5
81,magnemite,コイル,1,0,3,4
82,magneton,レアコイル,6,0,5,11
83,farfetchd,カモネギ,0,1,4,5
84,doduo,ドードー,0,2,4,6
85,dodrio,ドードリオ,4,2,5,11
86,seel,パウワウ,4,0,4,8
87,dewgong,ジュゴン,0,2,4,6
88,grimer,ベトベター,0,2,5,7
89,muk,ベトベトン,0,2,5,7
90,shellder,シェルダー,3,1,5,9
91,cloyster,パルシェン,3,0,5,8
92,gastly,ゴース,0,1,3,4
93,haunter,ゴースト,0,1,4,5
94,gengar,ゲンガー,0,2,4,6
95,onix,イワーク,1,0,4,5
96,drowzee,スリープ,0,0,4,4
97,hypno,スリーパー,0,0,5,5
98,krabby,クラブ,0,1,3,4
99,kingler,キングラー,0,1,5,6
100,voltorb,ビリリダマ,0,2,5,7
101,electrode,マルマイン,1,0,5,6
102,exeggcute,タマタマ,0,0,4,4
103,exeggutor,ナッシー,0,0,4,4
104,cubone,カラカラ,0,0,4,4
105,marowak,ガラガラ,0,2,4,6
106,hitmonlee,サワムラー,0,0,5,5
107,hitmonchan,エビワラー,3,1,5,9
108,lickitung,ベロリンガ,0,2,5,7
109,koffing,ドガース,0,2,4,6
110,weezing,マタドガス,0,2,5,7
111,rhyhorn,サイホーン,1,0,5,6
112,rhydon,サイドン,1,1,4,6
113,chansey,ラッキー,0,0,4,4
114,tangela,モンジャラ,0,1,5,6
115,kangaskhan,ガルーラ,0,1,4,5
116,horsea,タッツー,0,0,4,4
117,seadra,シードラ,0,1,4,5
118,goldeen,トサキント,0,0,5,5
119,seaking,アズマオウ,11,1,5,17
120,staryu,ヒトデマン,0,1,5,6
121,starmie,スターミー,0,0,5,5
122,mr-mime,バリヤード,0,2,5,7
123,scyther,ストライク,1,0,5,6
124,jynx,ルージュラ,0,1,5,6
125,electabuzz,エレブー,3,1,4,8
126,magmar,ブーバー,0,2,4,6
127,pinsir,カイロス,1,0,4,5
128,tauros,ケンタロス,0,0,5,5
129,magikarp,コイキング,1,1,5,7
130,gyarados,ギャラドス,0,2,5,7
131,lapras,ラプラス,0,0,4,4
132,ditto,メタモン,0,0,4,4
133,eevee,イーブイ,2,1,4,7
134,vaporeon,シャワーズ,0,1,5,6
135,jolteon,サンダース,0,1,5,6
136,flareon,ブースター,0,1,5,6
137,porygon,ポリゴン,0,1,4,5
138,omanyte,オムナイト,5,0,5,10
139,omastar,オムスター,4,0,5,9
140,kabuto,カブト,0,1,3,4
141,kabutops,カブトプス,0,1,5,6
142,aerodactyl,プテラ,0,0,3,3
143,snorlax,カビゴン,0,2,4,6
144,articuno,フリーザー,0,1,5,6
145,zapdos,サンダー,0,1,4,5
146,moltres,ファイヤー,6,0,5,11
147,dratini,ミニリュウ,2,0,5,7
148,dragonair,ハクリュー,0,0,5,5
149,dragonite,カイリュー,1,0,5,6
150,mewtwo,ミュウツー,2,0,5,7
151,mew,ミュウ,2,0,3,5
152,chikorita,チコリータ,0,0,5,5
153,bayleef,ベイリーフ,1,1,5,7
154,meganium,メガニウム,2,1,5,8
155,cyndaquil,ヒノアラシ,5,0,5,10
156,quilava,マグマラシ,0,1,5,6
157,typhlosion,バクフーン,0,1,5,6
158,totodile,ワニノコ,0,0,4,4
159,croconaw,アリゲイツ,6,1,5,12
160,feraligatr,オーダイル,5,1,5,11
161,sentret,オタチ,4,0,3,7
162,furret,オオタチ,8,0,4,12
163,hoothoot,ホーホー,0,0,4,4
164,noctowl,ヨルノズク,0,1,5,6
165,ledyba,レディバ,1,2,4,7
166,ledian,レディアン,6,1,5,12
167,spinarak,イトマル,1,0,4,5
168,ariados,アリアドス,10,1,5,16
169,crobat,クロバット,0,1,5,6
170,chinchou,チョンチー,0,0,5,5
171,lanturn,ランターン,0,0,5,5
172,pichu,ピチュー,0,0,4,4
173,cleffa,ピィ,1,0,2,3
174,igglybuff,ププリン,0,0,4,4
175,togepi,トゲピー,0,1,4,5
176,togetic,トゲチック,0,1,5,6
177,natu,ネイティ,2,0,4,6
178,xatu,ネイティオ,6,0,5,11
179,mareep,メリープ,0,0,4,4
180,flaaffy,モココ,0,0,3,3
181,ampharos,デンリュウ,2,1,5,8
182,bellossom,キレイハナ,1,0,5,6
183,marill,マリル,0,0,3,3
184,azumarill,マリルリ,0,0,4,4
185,sudowoodo,ウソッキー,2,0,5,7
186,politoed,ニョロトノ,0,0,5,5
187,hoppip,ハネッコ,0,0,4,4
188,skiploom,ポポッコ,0,0,4,4
189,jumpluff,ワタッコ,0,0,4,4
190,aipom,エイパム,4,0,4,8
191,sunkern,ヒマナッツ,0,0,5,5
192,sunflora,キマワリ,0,0,4,4
193,yanma,ヤンヤンマ,0,0,5,5
194,wooper,ウパー,2,0,3,5
195,quagsire,ヌオー,4,0,3,7
196,espeon,エーフィ,4,0,4,8
197,umbreon,ブラッキー,0,1,5,6
198,murkrow,ヤミカラス,0,0,5,5
199,slowking,ヤドキング,0,2,5,7
200,misdreavus,ムウマ,2,0,3,5
201,unown,アンノーン,5,0,5,10
202,wobbuffet,ソーナンス,0,0,5,5
203,girafarig,キリンリキ,0,0,5,5
204,pineco,クヌギダマ,0,2,5,7
205,forretress,フォレトス,4,0,5,9
206,dunsparce,ノコッチ,0,0,4,4
207,gligar,グライガー,1,2,5,8
208,steelix,ハガネール,0,1,5,6
209,snubbull,ブルー,0,1,3,4
210,granbull,グランブル,0,2,5,7
211,qwilfish,ハリーセン,0,0,5,5
212,scizor,ハッサム,0,0,4,4
213,shuckle,ツボツボ,0,2,4,6
214,heracross,ヘラクロス,0,0,5,5
215,sneasel,ニューラ,0,0,4,4
216,teddiursa,ヒメグマ,0,1,4,5
217,ursaring,リングマ,0,1,4,5
218,slugma,マグマッグ,0,2,5,7
219,magcargo,マグカルゴ,0,2,5,7
220,swinub,ウリムー,2,0,4,6
221,piloswine,イノムー,1,0,4,5
222,corsola,サニーゴ,0,1,4,5
223,remoraid,テッポウオ,6,0,5,11
224,octillery,オクタン,4,0,4,8
225,delibird,デリバード,0,3,5,8
226,mantine,マンタイン,1,0,5,6
227,skarmory,エアームド,8,1,5,14
228,houndour,デルビル,0,2,4,6
229,houndoom,ヘルガー,0,1,4,5
230,kingdra,キングドラ,0,2,5,7
231,phanpy,ゴマゾウ,2,2,4,8
232,donphan,ドンファン,5,1,5,11
233,porygon2,ポリゴン２,0,1,5,6
234,stantler,オドシシ,4,1,4,9
235,smeargle,ドーブル,0,2,4,6
236,tyrogue,バルキー,0,1,4,5
237,hitmontop,カポエラー,3,0,5,8
238,smoochum,ムチュール,0,0,5,5
239,elekid,エレキッド,3,1,5,9
240,magby,ブビィ,1,2,3,6
241,miltank,ミルタンク,0,0,5,5
242,blissey,ハピナス,0,0,4,4
243,raikou,ライコウ,3,0,4,7
244,entei,エンテイ,4,0,4,8
245,suicune,スイクン,1,0,4,5
246,larvitar,ヨーギラス,0,1,5,6
247,pupitar,サナギラス,0,1,5,6
248,tyranitar,バンギラス,0,2,5,7
249,lugia,ルギア,5,1,3,9
250,ho-oh,ホウオウ,8,0,4,12
251,celebi,セレビィ,1,1,4,6
252,treecko,キモリ,0,0,3,3
253,grovyle,ジュプトル,0,1,5,6
254,sceptile,ジュカイン,1,1,5,7
255,torchic,アチャモ,5,0,4,9
256,combusken,ワカシャモ,0,0,5,5
257,blaziken,バシャーモ,0,1,5,6
258,mudkip,ミズゴロウ,2,2,5,9
259,marshtomp,ヌマクロー,0,0,5,5
260,swampert,ラグラージ,0,2,5,7
261,poochyena,ポチエナ,3,0,4,7
262,mightyena,グラエナ,3,1,4,8
263,zigzagoon,ジグザグマ,0,4,5,9
264,linoone,マッスグマ,0,1,5,6
265,wurmple,ケムッソ,0,0,4,4
266,silcoon,カラサリス,0,0,5,5
267,beautifly,アゲハント,5,1,5,11
268,cascoon,マユルド,0,1,4,5
269,dustox,ドクケイル,1,1,5,7
270,lotad,ハスボー,0,1,4,5
271,lombre,ハスブレロ,0,1,5,6
272,ludicolo,ルンパッパ,0,0,5,5
273,seedot,タネボー,0,1,4,5
274,nuzleaf,コノハナ,0,0,4,4
275,shiftry,ダーテング,0,2,5,7
276,taillow,スバメ,0,1,3,4
277,swellow,オオスバメ,8,1,5,14
278,wingull,キャモメ,0,0,4,4
279,pelipper,ペリッパー,0,0,5,5
280,ralts,ラルトス,0,0,4,4
281,kirlia,キルリア,5,0,4,9
282,gardevoir,サーナイト,1,0,5,6
283,surskit,アメタマ,5,0,4,9
284,masquerain,アメモース,5,0,5,10
285,shroomish,キノココ,0,0,4,4
286,breloom,キノガッサ,0,1,5,6
287,slakoth,ナマケロ,0,0,4,4
288,vigoroth,ヤルキモノ,0,0,5,5
289,slaking,ケッキング,0,1,5,6
290,nincada,ツチニン,0,0,4,4
291,ninjask,テッカニン,0,0,5,5
292,shedinja,ヌケニン,0,0,4,4
293,whismur,ゴニョニョ,0,1,5,6
294,loudred,ドゴーム,0,2,4,6
295,exploud,バクオング,4,2,5,11
296,makuhita,マクノシタ,0,0,5,5
297,hariyama,ハリテヤマ,0,0,5,5
298,azurill,ルリリ,0,0,3,3
299,nosepass,ノズパス,0,1,4,5
300,skitty,エネコ,3,0,3,6
301,delcatty,エネコロロ,3,0,5,8
302,sableye,ヤミラミ,0,0,4,4
303,mawile,クチート,0,0,4,4
304,aron,ココドラ,0,1,4,5
305,lairon,コドラ,0,1,3,4
306,aggron,ボスゴドラ,0,3,5,8
307,meditite,アサナン,5,0,4,9
308,medicham,チャーレム,0,0,5,5
309,electrike,ラクライ,1,0,4,5
310,manectric,ライボルト,1,1,5,7
311,plusle,プラスル,0,0,4,4
312,minun,マイナン,1,0,4,5
313,volbeat,バルビート,0,2,5,7
314,illumise,イルミーゼ,1,1,5,7
315,roselia,ロゼリア,5,1,4,10
316,gulpin,ゴクリン,0,1,4,5
317,swalot,マルノーム,0,0,5,5
318,carvanha,キバニア,5,1,4,10
319,sharpedo,サメハダー,0,1,5,6
320,wailmer,ホエルコ,3,0,4,7
321,wailord,ホエルオー,7,0,5,12
322,numel,ドンメル,0,1,4,5
323,camerupt,バクーダ,0,2,4,6
324,torkoal,コータス,0,0,4,4
325,spoink,バネブー,0,2,4,6
326,grumpig,ブーピッグ,0,2,5,7
327,spinda,パッチール,0,0,5,5
328,trapinch,ナックラー,0,0,5,5
329,vibrava,ビブラーバ,0,3,5,8
330,flygon,フライゴン,1,1,5,7
331,cacnea,サボネア,5,1,4,10
332,cacturne,ノクタス,0,0,4,4
333,swablu,チルット,0,0,4,4
334,altaria,チルタリス,0,0,5,5
335,zangoose,ザングース,0,2,5,7
336,seviper,ハブネーク,0,1,5,6
337,lunatone,ルナトーン,0,0,5,5
338,solrock,ソルロック,0,0,5,5
339,barboach,ドジョッチ,0,2,5,7
340,whiscash,ナマズン,0,1,4,5
341,corphish,ヘイガニ,1,1,4,6
342,crawdaunt,シザリガー,0,2,5,7
343,baltoy,ヤジロン,0,1,4,5
344,claydol,ネンドール,0,1,5,6
345,lileep,リリーラ,0,0,4,4
346,cradily,ユレイドル,1,1,5,7
347,anorith,アノプス,5,0,4,9
348,armaldo,アーマルド,5,1,5,11
349,feebas,ヒンバス,0,1,4,5
350,milotic,ミロカロス,0,0,5,5
351,castform,ポワルン,0,0,4,4
352,kecleon,カクレオン,4,0,5,9
353,shuppet,カゲボウズ,2,3,5,10
354,banette,ジュペッタ,0,1,5,6
355,duskull,ヨマワル,0,0,4,4
356,dusclops,サマヨール,0,0,5,5
357,tropius,トロピウス,2,0,5,7
358,chimecho,チリーン,0,0,4,4
359,absol,アブソル,5,1,4,10
360,wynaut,ソーナノ,0,0,4,4
361,snorunt,ユキワラシ,0,0,5,5
362,glalie,オニゴーリ,4,1,5,10
363,spheal,タマザラシ,0,1,5,6
364,sealeo,トドグラー,0,2,5,7
365,walrein,トドゼルガ,0,3,5,8
366,clamperl,パールル,0,0,4,4
367,huntail,ハンテール,0,0,5,5
368,gorebyss,サクラビス,0,1,5,6
369,relicanth,ジーランス,0,1,5,6
370,luvdisc,ラブカス,0,1,4,5
371,bagon,タツベイ,1,1,4,6
372,shelgon,コモルー,0,0,4,4
373,salamence,ボーマンダ,0,2,5,7
374,beldum,ダンバル,0,2,4,6
375,metang,メタング,0,1,4,5
376,metagross,メタグロス,0,1,5,6
377,regirock,レジロック,0,1,5,6
378,regice,レジアイス,6,1,5,12
379,registeel,レジスチル,0,1,5,6
380,latias,ラティアス,6,0,5,11
381,latios,ラティオス,5,0,5,10
382,kyogre,カイオーガ,5,1,5,11
383,groudon,グラードン,0,2,5,7
384,rayquaza,レックウザ,2,1,5,8
385,jirachi,ジラーチ,0,1,4,5
386,deoxys-normal,デオキシス,4,1,5,10
387,turtwig,ナエトル,3,0,4,7
388,grotle,ハヤシガメ,0,1,5,6
389,torterra,ドダイトス,1,2,5,8
390,chimchar,ヒコザル,0,1,4,5
391,monferno,モウカザル,2,1,5,8
392,infernape,ゴウカザル,2,2,5,9
393,piplup,ポッチャマ,0,0,5,5
394,prinplup,ポッタイシ,1,0,5,6
395,empoleon,エンペルト,3,0,5,8
396,starly,ムックル,0,0,4,4
397,staravia,ムクバード,0,2,5,7
398,staraptor,ムクホーク,0,0,5,5
399,bidoof,ビッパ,0,1,3,4
400,bibarel,ビーダル,0,2,4,6
401,kricketot,コロボーシ,0,1,5,6
402,kricketune,コロトック,0,0,5,5
403,shinx,コリンク,0,0,4,4
404,luxio,ルクシオ,4,0,4,8
405,luxray,レントラー,0,0,5,5
406,budew,スボミー,0,1,4,5
407,roserade,ロズレイド,1,2,5,8
408,cranidos,ズガイドス,1,3,5,9
409,rampardos,ラムパルド,0,1,5,6
410,shieldon,タテトプス,0,0,5,5
411,bastiodon,トリデプス,0,1,5,6
412,burmy,ミノムッチ,0,0,5,5
413,wormadam-plant,ミノマダム,0,1,5,6
414,mothim,ガーメイル,1,1,5,7
415,combee,ミツハニー,0,0,5,5
416,vespiquen,ビークイン,1,1,5,7
417,pachirisu,パチリス,0,0,4,4
418,buizel,ブイゼル,1,2,4,7
419,floatzel,フローゼル,0,1,5,6
420,cherubi,チェリンボ,3,1,5,9
421,cherrim,チェリム,3,0,4,7
422,shellos,カラナクシ,0,0,5,5
423,gastrodon,トリトドン,0,1,5,6
424,ambipom,エテボース,3,1,5,9
425,drifloon,フワンテ,0,0,4,4
426,drifblim,フワライド,1,1,5,7
427,buneary,ミミロル,0,0,4,4
428,lopunny,ミミロップ,0,0,5,5
429,mismagius,ムウマージ,2,1,5,8
430,honchkrow,ドンカラス,0,1,5,6
431,glameow,ニャルマー,0,0,5,5
432,purugly,ブニャット,0,1,5,6
433,chingling,リーシャン,0,0,5,5
434,stunky,スカンプー,0,0,5,5
435,skuntank,スカタンク,0,0,5,5
436,bronzor,ドーミラー,0,1,5,6
437,bronzong,ドータクン,0,1,5,6
438,bonsly,ウソハチ,2,0,4,6
439,mime-jr,マネネ,0,0,3,3
440,happiny,ピンプク,0,0,4,4
441,chatot,ペラップ,0,0,4,4
442,spiritomb,ミカルゲ,0,1,4,5
443,gible,フカマル,0,0,4,4
444,gabite,ガバイト,1,2,4,7
445,garchomp,ガブリアス,5,2,5,12
446,munchlax,ゴンベ,0,2,3,5
447,riolu,リオル,4,0,3,7
448,lucario,ルカリオ,4,0,4,8
449,hippopotas,ヒポポタス,0,0,5,5
450,hippowdon,カバルドン,0,2,5,7
451,skorupi,スコルピ,0,0,4,4
452,drapion,ドラピオン,4,1,5,10
453,croagunk,グレッグル,0,2,5,7
454,toxicroak,ドクロッグ,0,2,5,7
455,carnivine,マスキッパ,0,0,5,5
456,finneon,ケイコウオ,7,0,5,12
457,lumineon,ネオラント,4,0,5,9
458,mantyke,タマンタ,0,0,4,4
459,snover,ユキカブリ,0,1,5,6
460,abomasnow,ユキノオー,4,0,5,9
461,weavile,マニューラ,0,0,5,5
462,magnezone,ジバコイル,1,2,5,8
463,lickilicky,ベロベルト,0,2,5,7
464,rhyperior,ドサイドン,1,2,5,8
465,tangrowth,モジャンボ,0,2,5,7
466,electivire,エレキブル,3,1,5,9
467,magmortar,ブーバーン,0,2,5,7
468,togekiss,トゲキッス,0,1,5,6
469,yanmega,メガヤンマ,0,1,5,6
470,leafeon,リーフィア,6,0,5,11
471,glaceon,グレイシア,6,1,5,12
472,gliscor,グライオン,5,1,5,11
473,mamoswine,マンムー,0,0,4,4
474,porygon-z,ポリゴンＺ,0,1,5,6
475,gallade,エルレイド,4,1,5,10
476,probopass,ダイノーズ,1,2,5,8
477,dusknoir,ヨノワール,0,0,5,5
478,froslass,ユキメノコ,0,0,5,5
479,rotom,ロトム,0,0,3,3
480,uxie,ユクシー,0,0,4,4
481,mesprit,エムリット,3,0,5,8
482,azelf,アグノム,5,1,4,10
483,dialga,ディアルガ,6,2,5,13
484,palkia,パルキア,5,0,4,9
485,heatran,ヒードラン,0,1,5,6
486,regigigas,レジギガス,0,3,5,8
487,giratina-altered,ギラティナ,1,1,5,7
488,cresselia,クレセリア,5,0,5,10
489,phione,フィオネ,5,0,4,9
490,manaphy,マナフィ,1,0,4,5
491,darkrai,ダークライ,1,1,5,7
492,shaymin-land,シェイミ,4,0,4,8
493,arceus,アルセウス,7,0,5,12
494,victini,ビクティニ,1,1,5,7
495,snivy,ツタージャ,0,1,5,6
496,servine,ジャノビー,0,2,5,7
497,serperior,ジャローダ,0,2,5,7
498,tepig,ポカブ,0,1,3,4
499,pignite,チャオブー,4,1,5,10
500,emboar,エンブオー,7,1,5,13
501,oshawott,ミジュマル,0,1,5,6
502,dewott,フタチマル,0,0,5,5
503,samurott,ダイケンキ,1,1,5,7
504,patrat,ミネズミ,0,1,4,5
505,watchog,ミルホッグ,0,1,5,6
506,lillipup,ヨーテリー,0,0,5,5
507,herdier,ハーデリア,5,1,5,11
508,stoutland,ムーランド,0,1,5,6
509,purrloin,チョロネコ,0,0,5,5
510,liepard,レパルダス,0,1,5,6
511,pansage,ヤナップ,0,0,4,4
512,simisage,ヤナッキー,0,0,5,5
513,pansear,バオップ,4,1,4,9
514,simisear,バオッキー,4,1,5,10
515,panpour,ヒヤップ,0,0,4,4
516,simipour,ヒヤッキー,0,0,5,5
517,munna,ムンナ,0,0,3,3
518,musharna,ムシャーナ,0,0,5,5
519,pidove,マメパト,0,0,4,4
520,tranquill,ハトーボー,0,1,5,6
521,unfezant,ケンホロウ,2,0,5,7
522,blitzle,シママ,0,0,3,3
523,zebstrika,ゼブライカ,1,2,5,8
524,roggenrola,ダンゴロ,0,2,4,6
525,boldore,ガントル,0,1,4,5
526,gigalith,ギガイアス,6,2,5,13
527,woobat,コロモリ,0,0,4,4
528,swoobat,ココロモリ,0,0,5,5
529,drilbur,モグリュー,0,1,5,6
530,excadrill,ドリュウズ,2,2,5,9
531,audino,タブンネ,0,1,4,5
532,timburr,ドッコラー,0,1,5,6
533,gurdurr,ドテッコツ,0,1,5,6
534,conkeldurr,ローブシン,0,1,5,6
535,tympole,オタマロ,4,0,4,8
536,palpitoad,ガマガル,0,2,4,6
537,seismitoad,ガマゲロゲ,0,3,5,8
538,throh,ナゲキ,0,1,3,4
539,sawk,ダゲキ,0,2,3,5
540,sewaddle,クルミル,0,0,4,4
541,swadloon,クルマユ,0,0,4,4
542,leavanny,ハハコモリ,0,0,5,5
543,venipede,フシデ,0,1,3,4
544,whirlipede,ホイーガ,1,1,4,6
545,scolipede,ペンドラー,0,1,5,6
546,cottonee,モンメン,0,0,4,4
547,whimsicott,エルフーン,3,0,5,8
548,petilil,チュリネ,0,0,4,4
549,lilligant,ドレディア,6,2,5,13
550,basculin-red-striped,バスラオ,4,1,4,9
551,sandile,メグロコ,0,1,4,5
552,krokorok,ワルビル,0,1,4,5
553,krookodile,ワルビアル,5,1,5,11
554,darumaka,ダルマッカ,0,1,5,6
555,darmanitan-standard,ヒヒダルマ,0,1,5,6
556,maractus,マラカッチ,0,0,5,5
557,dwebble,イシズマイ,2,1,5,8
558,crustle,イワパレス,1,0,5,6
559,scraggy,ズルッグ,0,2,4,6
560,scrafty,ズルズキン,0,2,5,7
561,sigilyph,シンボラー,0,1,5,6
562,yamask,デスマス,0,1,4,5
563,cofagrigus,デスカーン,0,1,5,6
564,tirtouga,プロトーガ,0,1,5,6
565,carracosta,アバゴーラ,5,2,5,12
566,archen,アーケン,5,0,4,9
567,archeops,アーケオス,9,0,5,14
568,trubbish,ヤブクロン,0,1,5,6
569,garbodor,ダストダス,0,2,5,7
570,zorua,ゾロア,5,1,3,9
571,zoroark,ゾロアーク,5,1,5,11
572,minccino,チラーミィ,1,0,5,6
573,cinccino,チラチーノ,0,0,5,5
574,gothita,ゴチム,0,1,3,4
575,gothorita,ゴチミル,0,1,4,5
576,gothitelle,ゴチルゼル,0,2,5,7
577,solosis,ユニラン,0,0,4,4
578,duosion,ダブラン,0,2,4,6
579,reuniclus,ランクルス,0,0,5,5
580,ducklett,コアルヒー,5,0,5,10
581,swanna,スワンナ,0,0,4,4
582,vanillite,バニプッチ,0,1,5,6
583,vanillish,バニリッチ,0,1,5,6
584,vanilluxe,バイバニラ,1,2,5,8
585,deerling,シキジカ,0,1,4,5
586,sawsbuck,メブキジカ,0,2,5,7
587,emolga,エモンガ,3,1,4,8
588,karrablast,カブルモ,0,1,4,5
589,escavalier,シュバルゴ,0,2,5,7
590,foongus,タマゲタケ,0,1,5,6
591,amoonguss,モロバレル,0,1,5,6
592,frillish,プルリル,0,0,4,4
593,jellicent,ブルンゲル,0,2,5,7
594,alomomola,ママンボウ,2,1,5,8
595,joltik,バチュル,0,1,4,5
596,galvantula,デンチュラ,0,1,5,6
597,ferroseed,テッシード,0,1,5,6
598,ferrothorn,ナットレイ,1,0,5,6
599,klink,ギアル,5,1,3,9
600,klang,ギギアル,5,2,4,11
601,klinklang,ギギギアル,5,3,5,13
602,tynamo,シビシラス,0,1,5,6
603,eelektrik,シビビール,0,2,5,7
604,eelektross,シビルドン,0,2,5,7
605,elgyem,リグレー,0,1,4,5
606,beheeyem,オーベム,4,1,4,9
607,litwick,ヒトモシ,0,0,4,4
608,lampent,ランプラー,0,0,5,5
609,chandelure,シャンデラ,0,1,5,6
610,axew,キバゴ,0,2,3,5
611,fraxure,オノンド,4,1,4,9
612,haxorus,オノノクス,4,0,5,9
613,cubchoo,クマシュン,0,0,5,5
614,beartic,ツンベアー,5,1,5,11
615,cryogonal,フリージオ,4,1,5,10
616,shelmet,チョボマキ,0,1,5,6
617,accelgor,アギルダー,5,2,5,12
618,stunfisk,マッギョ,0,1,4,5
619,mienfoo,コジョフー,0,1,5,6
620,mienshao,コジョンド,0,2,5,7
621,druddigon,クリムガン,0,1,5,6
622,golett,ゴビット,0,2,4,6
623,golurk,ゴルーグ,0,2,4,6
624,pawniard,コマタナ,0,0,4,4
625,bisharp,キリキザン,0,1,5,6
626,bouffalant,バッフロン,0,1,5,6
627,rufflet,ワシボン,0,1,4,5
628,braviary,ウォーグル,6,1,5,12
629,vullaby,バルチャイ,1,1,5,7
630,mandibuzz,バルジーナ,0,2,5,7
631,heatmor,クイタラン,1,0,5,6
632,durant,アイアント,11,0,5,16
633,deino,モノズ,0,1,3,4
634,zweilous,ジヘッド,0,2,4,6
635,hydreigon,サザンドラ,0,2,5,7
636,larvesta,メラルバ,0,1,4,5
637,volcarona,ウルガモス,2,1,5,8
638,cobalion,コバルオン,4,1,5,10
639,terrakion,テラキオン,4,0,5,9
640,virizion,ビリジオン,4,2,5,11
641,tornadus-incarnate,トルネロス,0,0,5,5
642,thundurus-incarnate,ボルトロス,0,1,5,6
643,reshiram,レシラム,0,0,4,4
644,zekrom,ゼクロム,0,1,4,5
645,landorus-incarnate,ランドロス,0,1,5,6
646,kyurem,キュレム,0,0,4,4
647,keldeo-ordinary,ケルディオ,5,1,5,11
648,meloetta-aria,メロエッタ,3,0,5,8
649,genesect,ゲノセクト,0,1,5,6
650,chespin,ハリマロン,0,0,5,5
651,quilladin,ハリボーグ,0,2,5,7
652,chesnaught,ブリガロン,0,2,5,7
653,fennekin,フォッコ,4,0,4,8
654,braixen,テールナー,0,0,5,5
655,delphox,マフォクシー,4,0,6,10
656,froakie,ケロマツ,0,0,4,4
657,frogadier,ゲコガシラ,0,2,5,7
658,greninja,ゲッコウガ,2,2,5,9
659,bunnelby,ホルビー,0,1,4,5
660,diggersby,ホルード,0,1,4,5
661,fletchling,ヤヤコマ,0,0,4,4
662,fletchinder,ヒノヤコマ,0,0,5,5
663,talonflame,ファイアロー,11,0,6,17
664,scatterbug,コフキムシ,0,0,5,5
665,spewpa,コフーライ,1,0,5,6
666,vivillon,ビビヨン,0,2,4,6
667,litleo,シシコ,0,0,3,3
668,pyroar,カエンジシ,3,1,5,9
669,flabebe,フラベベ,0,2,4,6
670,floette,フラエッテ,3,0,5,8
671,florges,フラージェス,3,1,6,10
672,skiddo,メェークル,3,0,5,8
673,gogoat,ゴーゴート,0,2,5,7
674,pancham,ヤンチャム,0,0,5,5
675,pangoro,ゴロンダ,0,2,4,6
676,furfrou,トリミアン,5,0,5,10
677,espurr,ニャスパー,0,0,5,5
678,meowstic-male,ニャオニクス,4,0,6,10
679,honedge,ヒトツキ,0,0,4,4
680,doublade,ニダンギル,0,2,5,7
681,aegislash-shield,ギルガルド,0,3,5,8
682,spritzee,シュシュプ,0,0,5,5
683,aromatisse,フレフワン,0,0,5,5
684,swirlix,ペロッパフ,0,0,5,5
685,slurpuff,ペロリーム,0,0,5,5
686,inkay,マーイーカ,1,0,5,6
687,malamar,カラマネロ,0,0,5,5
688,binacle,カメテテ,0,0,4,4
689,barbaracle,ガメノデス,0,2,5,7
690,skrelp,クズモー,0,1,4,5
691,dragalge,ドラミドロ,0,2,5,7
692,clauncher,ウデッポウ,4,1,5,10
693,clawitzer,ブロスター,0,1,5,6
694,helioptile,エリキテル,3,0,5,8
695,heliolisk,エレザード,3,2,5,10
696,tyrunt,チゴラス,0,1,4,5
697,tyrantrum,ガチゴラス,0,2,5,7
698,amaura,アマルス,5,0,4,9
699,aurorus,アマルルガ,5,1,5,11
700,sylveon,ニンフィア,6,0,5,11
701,hawlucha,ルチャブル,0,1,5,6
702,dedenne,デデンネ,0,2,4,6
703,carbink,メレシー,0,0,4,4
704,goomy,ヌメラ,0,0,3,3
705,sliggoo,ヌメイル,1,0,4,5
706,goodra,ヌメルゴン,0,1,5,6
707,klefki,クレッフィ,1,0,5,6
708,phantump,ボクレー,0,1,4,5
709,trevenant,オーロット,4,0,5,9
710,pumpkaboo-average,バケッチャ,0,1,5,6
711,gourgeist-average,パンプジン,0,1,5,6
712,bergmite,カチコール,0,0,5,5
713,avalugg,クレベース,0,1,5,6
714,noibat,オンバット,4,1,5,10
715,noivern,オンバーン,4,1,5,10
716,xerneas,ゼルネアス,5,1,5,11
717,yveltal,イベルタル,1,1,5,7
718,zygarde-50,ジガルデ,0,3,4,7
719,diancie,ディアンシー,6,1,6,13
720,hoopa,フーパ,0,0,3,3
721,volcanion,ボルケニオン,4,1,6,11
722,rowlet,モクロー,0,0,4,4
723,dartrix,フクスロー,0,0,5,5
724,decidueye,ジュナイパー,1,1,6,8
725,litten,ニャビー,0,1,4,5
726,torracat,ニャヒート,0,0,5,5
727,incineroar,ガオガエン,7,2,5,14
728,popplio,アシマリ,5,0,4,9
729,brionne,オシャマリ,4,0,5,9
730,primarina,アシレーヌ,5,0,5,10
731,pikipek,ツツケラ,0,0,4,4
732,trumbeak,ケララッパ,0,0,5,5
733,toucannon,ドデカバシ,0,3,5,8
734,yungoos,ヤングース,0,1,5,6
735,gumshoos,デカグース,0,2,5,7
736,grubbin,アゴジムシ,5,2,5,12
737,charjabug,デンヂムシ,0,2,5,7
738,vikavolt,クワガノン,0,1,5,6
739,crabrawler,マケンカニ,0,0,5,5
740,crabominable,ケケンカニ,0,0,5,5
741,oricorio-baile,オドリドリ,4,2,5,11
742,cutiefly,アブリー,5,1,4,10
743,ribombee,アブリボン,5,2,5,12
744,rockruff,イワンコ,1,0,4,5
745,lycanroc-midday,ルガルガン,0,2,5,7
746,wishiwashi-solo,ヨワシ,0,0,3,3
747,mareanie,ヒドイデ,1,2,4,7
748,toxapex,ドヒドイデ,1,3,5,9
749,mudbray,ドロバンコ,0,2,5,7
750,mudsdale,バンバドロ,0,3,5,8
751,dewpider,シズクモ,0,1,4,5
752,araquanid,オニシズクモ,4,1,6,11
753,fomantis,カリキリ,0,0,4,4
754,lurantis,ラランテス,0,0,5,5
755,morelull,ネマシュ,0,0,4,4
756,shiinotic,マシェード,3,1,5,9
757,salandit,ヤトウモリ,2,0,5,7
758,salazzle,エンニュート,3,0,6,9
759,stufful,ヌイコグマ,1,1,5,7
760,bewear,キテルグマ,0,1,5,6
761,bounsweet,アマカジ,5,1,4,10
762,steenee,アママイコ,6,0,5,11
763,tsareena,アマージョ,5,1,5,11
764,comfey,キュワワー,0,0,5,5
765,oranguru,ヤレユータン,0,0,6,6
766,passimian,ナゲツケサル,0,1,6,7
767,wimpod,コソクムシ,0,0,5,5
768,golisopod,グソクムシャ,0,1,6,7
769,sandygast,スナバァ,5,1,4,10
770,palossand,シロデスナ,0,1,5,6
771,pyukumuku,ナマコブシ,0,1,5,6
772,type-null,タイプ：ヌル,1,0,6,7
773,silvally,シルヴァディ,6,1,6,13
774,minior-red-meteor,メテノ,0,0,3,3
775,komala,ネッコアラ,5,0,5,10
776,turtonator,バクガメス,0,2,5,7
777,togedemaru,トゲデマル,0,2,5,7
778,mimikyu-disguised,ミミッキュ,0,0,5,5
779,bruxish,ハギギシリ,0,2,5,7
780,drampa,ジジーロン,0,2,5,7
781,dhelmise,ダダリン,0,2,4,6
782,jangmo-o,ジャラコ,0,1,4,5
783,hakamo-o,ジャランゴ,0,2,5,7
784,kommo-o,ジャラランガ,0,2,6,8
785,tapu-koko,カプ・コケコ,0,0,6,6
786,tapu-lele,カプ・テテフ,0,0,6,6
787,tapu-bulu,カプ・ブルル,0,1,6,7
788,tapu-fini,カプ・レヒレ,0,0,6,6
789,cosmog,コスモッグ,0,1,5,6
790,cosmoem,コスモウム,2,0,5,7
791,solgaleo,ソルガレオ,4,1,5,10
792,lunala,ルナアーラ,5,0,5,10
793,nihilego,ウツロイド,3,1,5,9
794,buzzwole,マッシブーン,0,1,6,7
795,pheromosa,フェローチェ,6,0,6,12
796,xurkitree,デンジュモク,0,2,6,8
797,celesteela,テッカグヤ,0,1,5,6
798,kartana,カミツルギ,0,1,5,6
799,guzzlord,アクジキング,5,2,6,13
800,necrozma,ネクロズマ,0,1,5,6
801,magearna,マギアナ,5,1,4,10
802,marshadow,マーシャドー,0,1,6,7
803,poipole,ベベノム,0,2,4,6
804,naganadel,アーゴヨン,5,1,5,11
805,stakataka,ツンデツンデ,0,2,6,8
806,blacephalon,ズガドーン,0,3,5,8
807,zeraora,ゼラオラ,4,1,4,9
808,meltan,メルタン,0,0,4,4
809,melmetal,メルメタル,0,0,5,5
810,grookey,サルノリ,0,0,4,4
811,thwackey,バチンキー,0,1,5,6
812,rillaboom,ゴリランダー,0,2,6,8
813,scorbunny,ヒバニー,0,1,4,5
814,raboot,ラビフット,0,1,5,6
815,cinderace,エースバーン,3,1,6,10
816,sobble,メッソン,0,0,4,4
817,drizzile,ジメレオン,4,1,5,10
818,inteleon,インテレオン,5,0,6,11
819,skwovet,ホシガリス,0,1,5,6
820,greedent,ヨクバリス,0,1,5,6
821,rookidee,ココガラ,0,1,4,5
822,corvisquire,アオガラス,9,1,5,15
823,corviknight,アーマーガア,10,1,6,17
824,blipbug,サッチムシ,0,0,5,5
825,dottler,レドームシ,0,1,5,6
826,orbeetle,イオルブ,5,1,4,10
827,nickit,クスネ,0,0,3,3
828,thievul,フォクスライ,5,0,6,11
829,gossifleur,ヒメンカ,0,0,4,4
830,eldegoss,ワタシラガ,0,1,5,6
831,wooloo,ウールー,2,0,4,6
832,dubwool,バイウールー,3,1,6,10
833,chewtle,カムカメ,0,0,4,4
834,drednaw,カジリガメ,0,2,5,7
835,yamper,ワンパチ,0,0,4,4
836,boltund,パルスワン,0,0,5,5
837,rolycoly,タンドン,0,1,4,5
838,carkol,トロッゴン,0,1,5,6
839,coalossal,セキタンザン,0,1,6,7
840,applin,カジッチュ,0,1,5,6
841,flapple,アップリュー,5,0,6,11
842,appletun,タルップル,0,0,5,5
843,silicobra,スナヘビ,0,1,4,5
844,sandaconda,サダイジャ,1,2,5,8
845,cramorant,ウッウ,4,0,3,7
846,arrokuda,サシカマス,0,0,5,5
847,barraskewda,カマスジョー,0,1,6,7
848,toxel,エレズン,3,1,4,8
849,toxtricity-amped,ストリンダー,0,1,6,7
850,sizzlipede,ヤクデ,0,1,3,4
851,centiskorch,マルヤクデ,0,1,5,6
852,clobbopus,タタッコ,0,0,4,4
853,grapploct,オトスパス,4,0,5,9
854,sinistea,ヤバチャ,0,1,4,5
855,polteageist,ポットデス,0,1,5,6
856,hatenna,ミブリム,0,1,4,5
857,hattrem,テブリム,0,1,4,5
858,hatterene,ブリムオン,4,1,5,10
859,impidimp,ベロバー,0,2,4,6
860,morgrem,ギモー,0,1,3,4
861,grimmsnarl,オーロンゲ,4,1,5,10
862,obstagoon,タチフサグマ,0,1,6,7
863,perrserker,ニャイキング,1,1,6,8
864,cursola,サニゴーン,0,1,5,6
865,sirfetchd,ネギガナイト,1,2,6,9
866,mr-rime,バリコオル,4,1,5,10
867,runerigus,デスバーン,0,2,5,7
868,milcery,マホミル,0,0,4,4
869,alcremie,マホイップ,1,0,5,6
870,falinks,タイレーツ,1,0,5,6
871,pincurchin,バチンウニ,2,1,5,8
872,snom,ユキハミ,0,0,4,4
873,frosmoth,モスノウ,2,0,4,6
874,stonjourner,イシヘンジン,1,1,6,8
875,eiscue-ice,コオリッポ,4,0,5,9
876,indeedee-male,イエッサン,4,0,5,9
877,morpeko-full-belly,モルペコ,0,0,4,4
878,cufant,ゾウドウ,4,2,4,10
879,copperajah,ダイオウドウ,9,2,6,17
880,dracozolt,パッチラゴン,0,1,6,7
881,arctozolt,パッチルドン,0,1,6,7
882,dracovish,ウオノラゴン,6,1,6,13
883,arctovish,ウオチルドン,6,1,6,13
884,duraludon,ジュラルドン,0,2,6,8
885,dreepy,ドラメシヤ,0,1,5,6
886,drakloak,ドロンチ,0,1,4,5
887,dragapult,ドラパルト,0,1,5,6
888,zacian,ザシアン,5,1,4,10
889,zamazenta,ザマゼンタ,0,2,5,7
890,eternatus,ムゲンダイナ,1,2,6,9
891,kubfu,ダクマ,0,1,3,4
892,urshifu-single-strike,ウーラオス,6,0,5,11
893,zarude,ザルード,0,2,4,6
894,regieleki,レジエレキ,3,1,5,9
895,regidrago,レジドラゴ,0,3,5,8
896,glastrier,ブリザポス,0,2,5,7
897,spectrier,レイスポス,1,0,5,6
898,calyrex,バドレックス,0,2,6,8
899,wyrdeer,アヤシシ,5,0,4,9
900,kleavor,バサギリ,0,2,4,6
901,ursaluna,ガチグマ,0,2,4,6
902,basculegion-male,イダイトウ,4,1,5,10
903,sneasler,オオニューラ,8,0,6,14
904,overqwil,ハリーマン,0,0,5,5
905,enamorus-incarnate,ラブトロス,0,1,5,6
906,sprigatito,ニャオハ,4,0,4,8
907,floragato,ニャローテ,0,0,5,5
908,meowscarada,マスカーニャ,0,0,6,6
909,fuecoco,ホゲータ,0,1,4,5
910,crocalor,アチゲータ,5,1,5,11
911,skeledirge,ラウドボーン,2,2,6,10
912,quaxly,クワッス,0,0,4,4
913,quaxwell,ウェルカモ,5,0,5,10
914,quaquaval,ウェーニバル,5,1,6,12
915,lechonk,グルトン,0,1,4,5
916,oinkologne-male,パフュートン,0,0,6,6
917,tarountula,タマンチュラ,0,0,6,6
918,spidops,ワナイダー,1,1,5,7
919,nymble,マメバッタ,0,1,5,6
920,lokix,エクスレッグ,3,1,6,10
921,pawmi,パモ,0,0,2,2
922,pawmo,パモット,0,0,4,4
923,pawmot,パーモット,0,0,5,5
924,tandemaus,ワッカネズミ,0,1,6,7
925,maushold-family-of-four,イッカネズミ,1,1,6,8
926,fidough,パピモッチ,0,0,5,5
927,dachsbun,バウッツェル,5,1,6,12
928,smoliv,ミニーブ,0,1,4,5
929,dolliv,オリーニョ,4,0,5,9
930,arboliva,オリーヴァ,9,0,5,14
931,squawkabilly-green-plumage,イキリンコ,1,0,5,6
932,nacli,コジオ,4,1,3,8
933,naclstack,ジオヅム,4,2,4,10
934,garganacl,キョジオーン,4,1,6,11
935,charcadet,カルボウ,2,1,4,7
936,armarouge,グレンアルマ,5,1,6,12
937,ceruledge,ソウブレイズ,3,2,6,11
938,tadbulb,ズピカ,0,1,3,4
939,bellibolt,ハラバリー,0,1,5,6
940,wattrel,カイデン,1,1,4,6
941,kilowattrel,タイカイデン,2,1,6,9
942,maschiff,オラチフ,4,0,4,8
943,mabosstiff,マフィティフ,2,0,6,8
944,shroodle,シルシュルー,0,0,6,6
945,grafaiai,タギングル,0,2,5,7
946,bramblin,アノクサ,5,0,4,9
947,brambleghast,アノホラグサ,5,1,6,12
948,toedscool,ノノクラゲ,0,1,5,6
949,toedscruel,リククラゲ,0,1,5,6
950,klawf,ガケガニ,0,2,4,6
951,capsakid,カプサイジ,1,1,5,7
952,scovillain,スコヴィラン,1,0,6,7
953,rellor,シガロコ,0,1,4,5
954,rabsca,ベラカス,0,1,4,5
955,flittle,ヒラヒナ,0,0,4,4
956,espathra,クエスパトラ,3,0,6,9
957,tinkatink,カヌチャン,0,0,5,5
958,tinkatuff,ナカヌチャン,0,0,6,6
959,tinkaton,デカヌチャン,0,1,6,7
960,wiglett,ウミディグダ,3,3,6,12
961,wugtrio,ウミトリオ,6,0,5,11
962,bombirdier,オトシドリ,4,1,5,10
963,finizen,ナミイルカ,1,0,5,6
964,palafin-zero,イルカマン,1,0,5,6
965,varoom,ブロロン,0,1,4,5
966,revavroom,ブロロローム,0,1,6,7
967,cyclizar,モトトカゲ,0,1,5,6
968,orthworm,ミミズズ,0,2,4,6
969,glimmet,キラーメ,0,0,4,4
970,glimmora,キラフロル,0,0,5,5
971,greavard,ボチ,0,1,2,3
972,houndstone,ハカドッグ,0,2,5,7
973,flamigo,カラミンゴ,0,1,5,6
974,cetoddle,アルクジラ,5,1,5,11
975,cetitan,ハルクジラ,0,1,5,6
976,veluza,ミガルーサ,0,1,5,6
977,dondozo,ヘイラッシャ,1,0,6,7
978,tatsugiri-curly,シャリタツ,0,0,5,5
979,annihilape,コノヨザル,0,1,5,6
980,clodsire,ドオー,4,1,3,8
981,farigiraf,リキキリン,0,0,5,5
982,dudunsparce-two-segment,ノココッチ,0,0,5,5
983,kingambit,ドドゲザン,0,4,5,9
984,great-tusk,イダイナキバ,2,2,6,10
985,scream-tail,サケブシッポ,0,1,6,7
986,brute-bonnet,アラブルタケ,5,1,6,12
987,flutter-mane,ハバタクカミ,0,1,6,7
988,slither-wing,チヲハウハネ,2,0,6,8
989,sandy-shocks,スナノケガワ,0,1,6,7
990,iron-treads,テツノワダチ,0,1,6,7
991,iron-bundle,テツノツツミ,0,0,6,6
992,iron-hands,テツノカイナ,1,0,6,7
993,iron-jugulis,テツノコウベ,2,1,6,9
994,iron-moth,テツノドクガ,0,2,6,8
995,iron-thorns,テツノイバラ,1,1,6,8
996,frigibax,セビエ,3,1,3,7
997,arctibax,セゴール,0,1,4,5
998,baxcalibur,セグレイブ,1,2,5,8
999,gimmighoul,コレクレー,0,0,5,5
1000,gholdengo,サーフゴー,0,1,5,6
